Title ID HEX,Title ID DEC,Serial Number,Title Name,Publisher,Region,Rating,Version,Media Type,Init Flags,Entry Point,Cert Timestamp,MD5 Checksum
0x4541038B,1161888651,EA-907,,Electronic Arts (EA),(1) USA / Canada,(3) T - Teen,0x00000002,(0x00000202) MEDIA_BOARD? + XBOX DVD,(0x00000007) 64MB RAM limit + Format Utility Drive + Mount Utility Drive,(0xA8DDE8CD) Retail,Fri Sep 23 03:21:41 2005,2DA64A90F21A33E1D0E9956B877F99C7
0x45410026,1161887782,EA-038,007": NightFire",Electronic Arts (EA),(1) USA / Canada,(3) T - Teen,0x00000001,(0x00000002) XBOX DVD,(0x00000005) 64MB RAM limit + Mount Utility Drive,(0xA8F2E507) Retail,Thu Oct 24 07:19:50 2002,BCA5F7CCCD764E02DBE7E724904827BB
0x55530036,1431502902,US-054,187 Ride or Die,Ubisoft,(7) PAL + Japan + USA / Canada,(2) M - Mature,0x00000001,(0x00000202) MEDIA_BOARD? + XBOX DVD,(0x00000007) 64MB RAM limit + Format Utility Drive + Mount Utility Drive,(0xA8F3523E) Retail,Thu Jun 23 21:14:51 2005,3765060CC9E9F2363E44D98D60F4444D
0x54540001,1414791169,TT-001,4X4 EVO 2,Take-Two Interactive Software,(1) USA / Canada,(4) E - Everyone,0x00000001,(0x00000002) XBOX DVD,(0x00000005) 64MB RAM limit + Mount Utility Drive,(0xA8ED4E4F) Retail,Sat Oct 06 04:51:54 2001,98332FB86CE01370B242607322168672
0x56550042,1448411202,VU-066,50 Cent: Bulletproof,Vivendi Universal Games,(7) PAL + Japan + USA / Canada,(2) M - Mature,0x00000001,(0x00000202) MEDIA_BOARD? + XBOX DVD,(0x00000007) 64MB RAM limit + Format Utility Drive + Mount Utility Drive,(0xA8FD47DF) Retail,Sat Oct 08 06:54:21 2005,11818733452E3B981E4B9C28450237AD
0x58500001,1481637889,XP-001,<«,XPEC Entertainment,(2) Japan,(0) RP - ALL,0x00000001,(0x00000202) MEDIA_BOARD? + XBOX DVD,(0x00000001) Mount Utility Drive,(0xA8E01160) Retail,Sat Apr 03 08:07:07 2004,5B25B09445AC92845031981AFA455143
0x545100F5,1414594805,TQ-245,AFL Live Premiership Edition,THQ,(4) PAL,(0) RP - ALL,0x00000002,(0x00000202) MEDIA_BOARD? + XBOX DVD,(0x00000005) 64MB RAM limit + Mount Utility Drive,(0xA8DF5C59) Retail,Thu Aug 11 18:24:32 2005,2E0B7BF0BA953A911ECB1BF092F45FAF
0x4541000D,1161887757,EA-013,Agent Under Fire ",Electronic Arts (EA),(1) USA / Canada,(3) T - Teen,0x00000001,(0x00000002) XBOX DVD,(0x00000005) 64MB RAM limit + Mount Utility Drive,(0xA8FE799E) Retail,Fri Feb 22 08:02:51 2002,FF55C0B0C86FE26A20926418B97B4EE7
0x41430007,1094909959,AC-007,Aggressive Inline,Acclaim Entertainment,(1) USA / Canada,(3) T - Teen,0x00000001,(0x00000002) XBOX DVD,(0x00000001) Mount Utility Drive,(0xA8F34488) Retail,Tue Jul 16 07:09:38 2002,08EDD09F4834C32F99BADBFFC42A8BC7
0x41560049,1096155209,AV-073,American Wasteland,Activision,(7) PAL + Japan + USA / Canada,(3) T - Teen,0x00000001,(0x00000202) MEDIA_BOARD? + XBOX DVD,(0x00000004) 64MB RAM limit,(0xA8DA51B9) Retail,Thu Sep 15 06:35:19 2005,7267C67190F2078DB47557DBFD32C019
0x4D530005,1297285125,MS-005,Amped,Microsoft Game Studios,(4) PAL,(0) RP - ALL,0x00000001,(0x00000002) XBOX DVD,(0x00000005) 64MB RAM limit + Mount Utility Drive,(0xA8FD0C91) Retail,Fri Jan 18 23:07:21 2002,FD39E26B316F1C449686BE576B998F28
0x4D530041,1297285185,MS-065,Amped 2,Microsoft Game Studios,(1) USA / Canada,(4) E - Everyone,0x00000001,(0x00000002) XBOX DVD,(0x00000005) 64MB RAM limit + Mount Utility Drive,(0xA8D91F32) Retail,Wed Oct 08 07:13:27 2003,C57E3D89D4821D967CEC52C71F76ED61
0x4D570005,1297547269,MW-005,Area51,Midway Games,(4) PAL,(0) RP - ALL,0x00000002,(0x00000202) MEDIA_BOARD? + XBOX DVD,(0x00000007) 64MB RAM limit + Format Utility Drive + Mount Utility Drive,(0xA8D9024A) Retail,Mon Apr 11 20:40:15 2005,22F3A0E204C8B998EF8AEFBFDE08397E
0x44430002,1145241602,DC-002,Arx Fatalis,DreamCatcher Interactive,(2147483655) DEBUG + PAL + Japan + USA / Canada,(2) M - Mature,0x00000000,(0x00000207) MEDIA_BOARD? + Any CD / DVD + XBOX DVD + HDD,(0x00000005) 64MB RAM limit + Mount Utility Drive,(0x949471EA) Debug,Tue Sep 30 03:09:46 2003,0BE432D67390007EA11F9AA661966D0F
0x54510105,1414594821,TQ-261,Avatar  The Last Airbender,THQ,(3) Japan + USA / Canada,(3) T - Teen,0x00000001,(0x00000202) MEDIA_BOARD? + XBOX DVD,(0x00000007) 64MB RAM limit + Format Utility Drive + Mount Utility Drive,(0xA8EBA7B2) Retail,Fri Aug 04 04:19:56 2006,9B392229C9AC2E9874D7852BE49F3C21
0x45410039,1161887801,EA-057,BIONICLE®,Electronic Arts (EA),(1) USA / Canada,(4) E - Everyone,0x00000002,(0x00000002) XBOX DVD,(0x00000005) 64MB RAM limit + Mount Utility Drive,(0xA8FBF4BC) Retail,Tue Sep 23 06:24:03 2003,0BB94B80532E0603A3A5223CA8B2105F
0x4143000E,1094909966,AC-014,BMX XXX,Acclaim Entertainment,(4) PAL,(0) RP - ALL,0x00000002,(0x00000002) XBOX DVD,(0x00000005) 64MB RAM limit + Mount Utility Drive,(0xA8ED910F) Retail,Mon Nov 11 21:16:23 2002,394C228DBB0873AB638D061A155A4A94
0x56550049,1448411209,VU-073,BPS Trophy Bass 2007,Vivendi Universal Games,(7) PAL + Japan + USA / Canada,(4) E - Everyone,0x00000001,(0x00000202) MEDIA_BOARD? + XBOX DVD,(0x00000001) Mount Utility Drive,(0xA8FD6434) Retail,Fri Oct 06 03:44:48 2006,E78D0A0F05C2A930F6D915D94FC56AFA
0x4E4D0009,1313669129,NM-009,BREAKDOWN,Namco,(4) PAL,(0) RP - ALL,0x00000001,(0x00000202) MEDIA_BOARD? + XBOX DVD,(0x00000007) 64MB RAM limit + Format Utility Drive + Mount Utility Drive,(0xA8E6C0FD) Retail,Wed Apr 21 22:03:33 2004,A484BEC2B82FCB4CDB6B8E9CB08BC5ED
0x5655002A,1448411178,VU-042,Barbie(tm) Horse,Vivendi Universal Games,(3) Japan + USA / Canada,(4) E - Everyone,0x00000005,(0x00000002) XBOX DVD,(0x00000005) 64MB RAM limit + Mount Utility Drive,(0xA8F2F1A4) Retail,Sat Oct 04 06:47:49 2003,A0976F2BAAFD48598568771AD4F229BF
0x45410062,1161887842,EA-098,Battlefield 2 : Modern Combat,Electronic Arts (EA),(1) USA / Canada,(3) T - Teen,0x00000001,(0x00000202) MEDIA_BOARD? + XBOX DVD,(0x00000001) Mount Utility Drive,(0xA8FD475F) Retail,Thu Oct 06 04:23:42 2005,CF3C5506CD7F04CA3BA99D76BB340318
0x58490004,1481179140,XI-004,Black Stone,XPEC Entertainment and Idea Factory,(5) PAL + USA / Canada,(3) T - Teen,0x00000001,(0x00000002) XBOX DVD,(0x00000001) Mount Utility Drive,(0xA8EC7DF6) Retail,Sat Dec 14 07:38:11 2002,C131FF28AB2785ED436CE5C86CA1AF49
0x4D530010,1297285136,MS-016,Blood Wake,Microsoft Game Studios,(1) USA / Canada,(3) T - Teen,0x00000001,(0x00000002) XBOX DVD,(0x00000005) 64MB RAM limit + Mount Utility Drive,(0xA8F1B6F4) Retail,Thu Nov 29 06:08:18 2001,63877AABBA68101E122194A289A36E3F
0x56560021,1448476705,VV-033,BloodRayne,Vivendi Universal Games,(4) PAL,(0) RP - ALL,0x00000001,(0x00000002) XBOX DVD,(0x00000005) 64MB RAM limit + Mount Utility Drive,(0xA8E80998) Retail,Fri Mar 21 20:19:30 2003,7F8A95AE8384923EECFA5E805D24D770
0x56550005,1448411141,VU-005,Buffy : Chaos Bleeds,Vivendi Universal Games,(3) Japan + USA / Canada,(3) T - Teen,0x00000001,(0x00000002) XBOX DVD,(0x00000005) 64MB RAM limit + Mount Utility Drive,(0xA8EE2CAD) Retail,Sat Jul 12 06:11:23 2003,EEDAAB01D2BDE6102A78079D913BCFB0
0x45410012,1161887762,EA-018,Buffy: The Vampire Slayer,Electronic Arts (EA),(1) USA / Canada,(3) T - Teen,0x00000001,(0x00000002) XBOX DVD,(0x00000001) Mount Utility Drive,(0xA8ABC909) Retail,Tue Jul 30 09:11:43 2002,55653C59A64388CFB0539F55E2C6EDC0
0x4541005B,1161887835,EA-091,Burnout 3,Electronic Arts (EA),(4) PAL,(0) RP - ALL,0x00000002,(0x00000202) MEDIA_BOARD? + XBOX DVD,(0x00000005) 64MB RAM limit + Mount Utility Drive,(0xA8E17C6C) Retail,Thu Aug 12 18:10:21 2004,3019A18243B6C79519A504F8E2DF22A1
0x43430008,1128464392,CC-008,CAPCOM VS. SNK2 EO,Capcom,(1) USA / Canada,(3) T - Teen,0x00000002,(0x00000002) XBOX DVD,(0x00000005) 64MB RAM limit + Mount Utility Drive,(0xA8E460A0) Retail,Tue Dec 17 04:44:49 2002,610B6A32AD64943D3EECF4D609F08D8C
0x5553003F,1431502911,US-063,CSI:,Ubisoft,(7) PAL + Japan + USA / Canada,(2) M - Mature,0x00000002,(0x00000202) MEDIA_BOARD? + XBOX DVD,(0x80000004) Unused high bit (8)? + 64MB RAM limit,(0xA8FD9A26) Retail,Tue Nov 23 08:42:40 2004,85DB3B13B808C6967CABA0DAD190850F
0x41560051,1096155217,AV-081,Call of Duty 2: Big Red One,Activision,(7) PAL + Japan + USA / Canada,(3) T - Teen,0x00000001,(0x00000202) MEDIA_BOARD? + XBOX DVD,(0x00000005) 64MB RAM limit + Mount Utility Drive,(0xA8E22C68) Retail,Sat Oct 01 04:31:31 2005,96B46E06C8181E31800C97AA0C73A62F
0x4156002A,1096155178,AV-042,Call of Duty: Finest Hour,Activision,(7) PAL + Japan + USA / Canada,(3) T - Teen,0x00000001,(0x00000202) MEDIA_BOARD? + XBOX DVD,(0x00000001) Mount Utility Drive,(0xA8EF68DA) Retail,Sat Oct 30 07:35:19 2004,A6FFCB8503513094D57480362DEE49A4
0x54540010,1414791184,TT-016,Carve,Take-Two Interactive Software,(5) PAL + USA / Canada,(4) E - Everyone,0x00000003,(0x00000202) MEDIA_BOARD? + XBOX DVD,(0x00000005) 64MB RAM limit + Mount Utility Drive,(0xA8F8E9D0) Retail,Tue Jan 06 22:55:41 2004,7DD34B5C03B76D650102E93582F9BA9C
0x45410011,1161887761,EA-017,Cel Damage,Electronic Arts (EA),(1) USA / Canada,(3) T - Teen,0x00000001,(0x00000002) XBOX DVD,(0x00000001) Mount Utility Drive,(0xA8F8D7C0) Retail,Sat Sep 29 07:10:21 2001,9813417EA9B8A5B180E2D3101AC5E20D
0x4B420005,1262616581,KB-005,Chicago Enforcer,Kemco,(1) USA / Canada,(2) M - Mature,0x00000004,(0x00000202) MEDIA_BOARD? + XBOX DVD,(0x00000004) 64MB RAM limit,(0xA8FD648B) Retail,Thu Feb 10 07:51:24 2005,979D3B46DA4D371544192C7CA6D5F191
0x5454008A,1414791306,TT-138,Codename: Kids Next Door,Take-Two Interactive Software,(1) USA / Canada,(4) E - Everyone,0x00000001,(0x00000202) MEDIA_BOARD? + XBOX DVD,(0x00000001) Mount Utility Drive,(0xA8F404DE) Retail,Thu Sep 01 05:50:13 2005,DBB5B827C6311E79EA2437EAACA27053
0x434D0010,1129119760,CM-016,Colin McRae Rally 04,Codemasters,(1) USA / Canada,(4) E - Everyone,0x00000003,(0x00000202) MEDIA_BOARD? + XBOX DVD,(0x00000005) 64MB RAM limit + Mount Utility Drive,(0xA8EE60EB) Retail,Wed Jan 14 12:28:12 2004,470F59DE83E2D9EA4A6A7F48F6EE8EA3
0x4D530051,1297285201,MS-081,Conker: Live and Reloaded,Microsoft Game Studios,(1) USA / Canada,(2) M - Mature,0x00000002,(0x00000202) MEDIA_BOARD? + XBOX DVD,(0x80000004) Unused high bit (8)? + 64MB RAM limit,(0xA8BEA742) Retail,Wed May 04 05:35:51 2005,BEF7653560B9638667EA8F72ED63BFD4
0x4F580001,1331167233,OX-001,Conspiracy: WoMD,Oxygen Interactive,(4) PAL,(0) RP - ALL,0x00000002,(0x00000202) MEDIA_BOARD? + XBOX DVD,(0x00000005) 64MB RAM limit + Mount Utility Drive,(0xA8F131D7) Retail,Mon Jun 27 23:06:55 2005,463793689AB898508F6AF63E2617DD8F
0x544D000B,1414332427,TM-011,Corvette,TDK Mediactive,(1) USA / Canada,(4) E - Everyone,0x00000001,(0x00000002) XBOX DVD,(0x00000005) 64MB RAM limit + Mount Utility Drive,(0xA8F2CCD1) Retail,Fri Nov 07 07:59:04 2003,B611AA252534FABEE91F649F61FC8B44
0x4D530036,1297285174,MS-054,Counter-Strike,Microsoft Game Studios,(4) PAL,(0) RP - ALL,0x00000002,(0x00000002) XBOX DVD,(0x00000005) 64MB RAM limit + Mount Utility Drive,(0xA8DC7B97) Retail,Tue Oct 28 23:10:17 2003,6E007EB9C2779A1C54CB2625AC7D7AA9
0x4D530021,1297285153,MS-033,Crimson Skies,Microsoft Game Studios,(4) PAL,(0) RP - ALL,0x00000003,(0x00000002) XBOX DVD,(0x80000005) Unused high bit (8)? + 64MB RAM limit + Mount Utility Drive,(0xA8E02B02) Retail,Tue Sep 30 05:56:37 2003,B817F6EF34EE97134BA0E08C03ACE6BD
0x4B4F0002,1263468546,KO-002,CrimsonSea,KOEI,(1) USA / Canada,(3) T - Teen,0x00000003,(0x00000002) XBOX DVD,(0x00000007) 64MB RAM limit + Format Utility Drive + Mount Utility Drive,(0xA8D4C44A) Retail,Thu Nov 28 08:15:04 2002,F4EA15E9AE313178A0B12BAEE44B94C7
0x4156004E,1096155214,AV-078,DOOM 3 RoE,Activision,(7) PAL + Japan + USA / Canada,(2) M - Mature,0x00000002,(0x00000202) MEDIA_BOARD? + XBOX DVD,(0x00000005) 64MB RAM limit + Mount Utility Drive,(0xA8C50C7A) Retail,Thu Sep 15 05:54:29 2005,908EDF4B3F50F84DB2D231D459F900A6
0x4B4E001D,1263403037,KN-029,Dancing Stage Unleashed,Konami,(4) PAL,(0) RP - ALL,0x00000001,(0x00000002) XBOX DVD,(0x00000001) Mount Utility Drive,(0xA8F5BAFA) Retail,Thu Oct 23 20:19:02 2003,AD3F6188C2B2A75D0261DFFA7A50F506
0x54510004,1414594564,TQ-004,Dark Summit,THQ,(1) USA / Canada,(3) T - Teen,0x00000001,(0x00000002) XBOX DVD,(0x00000005) 64MB RAM limit + Mount Utility Drive,(0xA8F43DD7) Retail,Sun Oct 28 02:49:21 2001,023CAFA4DFA946D6F5222D5A86AC91FB
0x4D53002D,1297285165,MS-045,Dead or Alive 3,Microsoft Game Studios,(4) PAL,(0) RP - ALL,0x00000001,(0x00000002) XBOX DVD,(0x00000005) 64MB RAM limit + Mount Utility Drive,(0xA8E48352) Retail,Sat Feb 16 03:44:02 2002,045481052505D9CC73F89D7D4CA41F3B
0x41560030,1096155184,AV-048,Deer Hunt 2004 Season,Activision,(1) USA / Canada,(3) T - Teen,0x00001101,(0x00000002) XBOX DVD,(0x00000005) 64MB RAM limit + Mount Utility Drive,(0xA8FDA368) Retail,Fri Aug 15 06:14:08 2003,80FD9168846C3FA9EE3EEE6C849C4D2C
0x4D440003,1296302083,MD-003,Dennou Taisen DroneZ (JPN),Metro3D,(7) PAL + Japan + USA / Canada,(0) RP - ALL,0x00000003,(0x400001FF) Unlock HDD + USB Dongle? + DVD_9_RW + DVD_5_RW + DVD_9_RO + DVD_5_RO + CD + Any CD / DVD + XBOX DVD + HDD,(0x00000005) 64MB RAM limit + Mount Utility Drive,(0xA8F5F7B3) Retail,Sat Mar 20 07:51:24 2004,2D5CA1A38B738F81661C5143E7C014C2
0x54510106,1414594822,TQ-262,Destroy All Humans! 2,THQ,(7) PAL + Japan + USA / Canada,(3) T - Teen,0x00000001,(0x00000202) MEDIA_BOARD? + XBOX DVD,(0x00000005) 64MB RAM limit + Mount Utility Drive,(0xA8F3F890) Retail,Tue Sep 12 05:14:07 2006,0F2725F5E89184523F6D4A901632A0C0
0x41590004,1096351748,AY-004,Dreamfall,Aspyr Media,(3) Japan + USA / Canada,(2) M - Mature,0x00000001,(0x00000202) MEDIA_BOARD? + XBOX DVD,(0x00000007) 64MB RAM limit + Format Utility Drive + Mount Utility Drive,(0xA8F88371) Retail,Tue Mar 21 07:19:59 2006,A6C95A8D34726EA21929B51B77740ED6
0x4947007F,1229389951,IG-127,Driver : Parallel Lines,Infogrames,(7) PAL + Japan + USA / Canada,(2) M - Mature,0x00000003,(0x00000202) MEDIA_BOARD? + XBOX DVD,(0x00000005) 64MB RAM limit + Mount Utility Drive,(0xA8D87162) Retail,Tue Feb 21 21:03:37 2006,5ECE5783C8345248DB50BA8A658D19C9
0x45410086,1161887878,EA-134,EA SPORTS FN 3,Electronic Arts (EA),(1) USA / Canada,(3) T - Teen,0x00000002,(0x00000202) MEDIA_BOARD? + XBOX DVD,(0x00000007) 64MB RAM limit + Format Utility Drive + Mount Utility Drive,(0xA8D1DFCE) Retail,Thu Feb 02 09:11:00 2006,2627BD30D8F9399526E0CD40631A86C7
0x53450023,1397030947,SE-035,ESPN NBA BASKETBALL,SEGA,(1) USA / Canada,(4) E - Everyone,0x00000002,(0x00000002) XBOX DVD,(0x00000005) 64MB RAM limit + Mount Utility Drive,(0xA8D5EAAC) Retail,Sat Oct 11 06:01:57 2003,5AAC81E07686171A3054E7C31DCFBE06
0x53450022,1397030946,SE-034,ESPN NFL FOOTBALL,SEGA,(1) USA / Canada,(4) E - Everyone,0x00000001,(0x00000002) XBOX DVD,(0x00000005) 64MB RAM limit + Mount Utility Drive,(0xA8D0A43C) Retail,Thu Aug 07 06:07:30 2003,6357B36A6BF39FA94C74B6984ECD39B9
0x53450026,1397030950,SE-038,ESPN NHL Hockey,SEGA,(1) USA / Canada,(4) E - Everyone,0x00000001,(0x00000002) XBOX DVD,(0x00000005) 64MB RAM limit + Mount Utility Drive,(0xA8FD47DF) Retail,Thu Aug 21 05:48:41 2003,7B8935DD47160F37B1B10A31B859B40C
0x4D570032,1297547314,MW-050,Ed, Edd n Eddy: The MIS-EDventures,Midway Games,(1) USA / Canada,(4) E - Everyone,0x00000001,(0x00000202) MEDIA_BOARD? + XBOX DVD,(0x00000007) 64MB RAM limit + Format Utility Drive + Mount Utility Drive,(0xA8FD73E4) Retail,Sat Oct 08 06:54:11 2005,100EA634A04DC0E51BA67AA3E93FDE49
0x53570001,1398210561,SW-001,Enclave,Swing! Deutschland,(4) PAL,(0) RP - ALL,0x00000001,(0x00000002) XBOX DVD,(0x00000005) 64MB RAM limit + Mount Utility Drive,(0xA8E280AB) Retail,Wed Jun 12 20:04:29 2002,F8CFF757EE3E992CDA1D0CFB11CA7595
0x45410079,1161887865,EA-121,FROM RUSSIA WITH LOVE (TM),Electronic Arts (EA),(1) USA / Canada,(3) T - Teen,0x00000002,(0x00000202) MEDIA_BOARD? + XBOX DVD,(0x00000001) Mount Utility Drive,(0xA8CDDDC6) Retail,Sat Oct 08 07:39:27 2005,588CC20F2EDA2A8F0DF382B83FD42F28
0x4947007B,1229389947,IG-123,Fahrenheit,Infogrames,(4) PAL,(0) RP - ALL,0x00000003,(0x00000202) MEDIA_BOARD? + XBOX DVD,(0x00000005) 64MB RAM limit + Mount Utility Drive,(0xA8FD7C4E) Retail,Tue Aug 23 23:28:34 2005,654C700327515B004E24B7E6078D7BA0
0x54510020,1414594592,TQ-032,Fairly OddParents,THQ,(1) USA / Canada,(4) E - Everyone,0x00000001,(0x00000002) XBOX DVD,(0x00000001) Mount Utility Drive,(0xA8E07716) Retail,Sat Sep 27 06:13:55 2003,123158EFB6E471A7F29EAC891E141AB8
0x55530008,1431502856,US-008,FarCry Instincts,Ubisoft,(7) PAL + Japan + USA / Canada,(2) M - Mature,0x00000001,(0x00000202) MEDIA_BOARD? + XBOX DVD,(0x80000005) Unused high bit (8)? + 64MB RAM limit + Mount Utility Drive,(0xA8B6E04B) Retail,Sat Sep 10 10:22:59 2005,5C5074AC7D75B764393CF7AC4CB34169
0x454D0007,1162674183,EM-007,Ford Racing 2,Empire Interactive,(1) USA / Canada,(4) E - Everyone,0x00000002,(0x00000002) XBOX DVD,(0x00000000) No flags set,(0xA8F18AE0) Retail,Wed Sep 24 06:14:04 2003,AC69B95D11BE8FA381E9F51130B88C48
0x454D000D,1162674189,EM-013,Ford Racing 3,Empire Interactive,(1) USA / Canada,(4) E - Everyone,0x00000003,(0x00000202) MEDIA_BOARD? + XBOX DVD,(0x00000000) No flags set,(0xA8EF58FE) Retail,Wed Dec 01 09:06:07 2004,BED8C7B5C3A74D3E6F8BD383748A75A9
0x4D53006E,1297285230,MS-110,Forza Motorsport,Microsoft Game Studios,(7) PAL + Japan + USA / Canada,(4) E - Everyone,0x00000001,(0x00000202) MEDIA_BOARD? + XBOX DVD,(0x80000004) Unused high bit (8)? + 64MB RAM limit,(0xA8DAD91E) Retail,Thu Mar 31 07:55:17 2005,F20E294C5DA2619F55E93C6080F2A3B7
0x54510022,1414594594,TQ-034,Full Spectrum Warrior,THQ,(4) PAL,(2) M - Mature,0x00000004,(0x00000202) MEDIA_BOARD? + XBOX DVD,(0x80000005) Unused high bit (8)? + 64MB RAM limit + Mount Utility Drive,(0xA8DCAB76) Retail,Mon Jun 07 00:13:15 2004,B34C49EE249B757FDF9A37D933EC8BA9
0x4947000B,1229389835,IG-011,Furious Karting,Infogrames,(4) PAL,(0) RP - ALL,0x00000002,(0x00000002) XBOX DVD,(0x00000004) 64MB RAM limit,(0xA8FDC56C) Retail,Mon Dec 16 22:46:54 2002,C02ECBC8CE7FB0EE9E3F020620653EAF
0x4D530002,1297285122,MS-002,Fuzion Frenzy,Microsoft Game Studios,(4) PAL,(0) RP - ALL,0x00000001,(0x00000002) XBOX DVD,(0x00000004) 64MB RAM limit,(0xA8FF58D4) Retail,Fri Dec 21 23:43:00 2001,291555E91954C5051C948837D75F7F66
0x43430005,1128464389,CC-005,GROUP-S,Capcom,(3) Japan + USA / Canada,(4) E - Everyone,0x00000005,(0x00000002) XBOX DVD,(0x00000004) 64MB RAM limit,(0xA8FD6934) Retail,Thu Aug 14 05:50:08 2003,BB3C54691936C28AE665E1679B2D9C23
0x4D570022,1297547298,MW-034,Gauntlet: Seven Sorrows,Midway Games,(1) USA / Canada,(3) T - Teen,0x00000001,(0x00000202) MEDIA_BOARD? + XBOX DVD,(0x00000005) 64MB RAM limit + Mount Utility Drive,(0xA8F3FDA2) Retail,Wed Nov 16 07:07:49 2005,71C6383DF03F52A42E7BC314F51988BA
0x4D570033,1297547315,MW-051,Gauntlet: Seven Sorrows,Midway Games,(4) PAL,(0) RP - ALL,0x00000001,(0x00000202) MEDIA_BOARD? + XBOX DVD,(0x00000005) 64MB RAM limit + Mount Utility Drive,(0xA8F3FD32) Retail,Wed Dec 07 22:03:37 2005,1EE547F0CB807F817770AEDC6CFDF8A0
0x4947007D,1229389949,IG-125,Getting Up: Contents Under Pressure,Infogrames,(7) PAL + Japan + USA / Canada,(2) M - Mature,0x00000001,(0x00000202) MEDIA_BOARD? + XBOX DVD,(0x00000001) Mount Utility Drive,(0xA8FD4712) Retail,Wed Jan 11 20:36:00 2006,C712AA68A1C8217E71D869393C8A5CB6
0x55530006,1431502854,US-006,Ghost Recon,Ubisoft,(1) USA / Canada,(2) M - Mature,0x00000001,(0x00000002) XBOX DVD,(0x80000005) Unused high bit (8)? + 64MB RAM limit + Mount Utility Drive,(0xA8FD0751) Retail,Fri Oct 25 06:39:35 2002,13C74B967337D393B8500ED5A871968E
0x4A410005,1245773829,JA-005,Goblin Commander,Jaleco,(4) PAL,(0) RP - ALL,0x00000001,(0x00000202) MEDIA_BOARD? + XBOX DVD,(0x00000005) 64MB RAM limit + Mount Utility Drive,(0xA8FD47DF) Retail,Wed Feb 11 01:16:40 2004,3D085DB0049BF4C2D390132D56C63146
0x5454000E,1414791182,TT-014,Grand Theft Auto III,Take-Two Interactive Software,(4) PAL,(0) RP - ALL,0x00000005,(0x00000202) MEDIA_BOARD? + XBOX DVD,(0x00000007) 64MB RAM limit + Format Utility Drive + Mount Utility Drive,(0xA8FE9DE3) Retail,Wed Dec 24 00:15:29 2003,5BE4648D0ED1B0A9719A81129F1D5B8E
0x54540073,1414791283,TT-115,Grand Theft Auto: Vice City,Take-Two Interactive Software,(1) USA / Canada,(2) M - Mature,0x00000004,(0x00000202) MEDIA_BOARD? + XBOX DVD,(0x00000007) 64MB RAM limit + Format Utility Drive + Mount Utility Drive,(0xA8E50662) Retail,Fri Mar 19 07:52:36 2004,8C38ECB257E550D930CF6DE25EDCB881
0x5454000F,1414791183,TT-015,Grand Theft Auto: Vice City,Take-Two Interactive Software,(4) PAL,(0) RP - ALL,0x00000005,(0x00000202) MEDIA_BOARD? + XBOX DVD,(0x00000007) 64MB RAM limit + Format Utility Drive + Mount Utility Drive,(0xA8E51AE2) Retail,Wed Dec 24 00:15:13 2003,996C29A41EB99C7877565110BC635E9B
0x4D57000D,1297547277,MW-013,Gravity  Games,Midway Games,(4) PAL,(0) RP - ALL,0x00000002,(0x00000002) XBOX DVD,(0x00000004) 64MB RAM limit,(0xA8EE738E) Retail,Fri Aug 16 19:02:39 2002,C370166CC491817BB7D731FB38C3B91B
0x4D530004,1297285124,MS-004,Halo,Microsoft Game Studios,(4) PAL,(0) RP - ALL,0x00000001,(0x00000002) XBOX DVD,(0x00000005) 64MB RAM limit + Mount Utility Drive,(0xA8FD08E6) Retail,Thu Jan 24 22:16:15 2002,A3F43EA966047345D0D242EB63D604F2
0x4D530058,1297285208,MS-088,Halo,Microsoft Game Studios,(2) Japan,(2) M - Mature,0x00000001,(0x00000002) XBOX DVD,(0x00000005) 64MB RAM limit + Mount Utility Drive,(0xA8FD37BA) Retail,Fri Dec 20 08:01:10 2002,FD7026E096E66EF5DC44F22561A79F4A
0x4D530064,1297285220,MS-100,Halo 2,Microsoft Game Studios,(7) PAL + Japan + USA / Canada,(2) M - Mature,0x00000003,(0x00000202) MEDIA_BOARD? + XBOX DVD,(0x80000005) Unused high bit (8)? + 64MB RAM limit + Mount Utility Drive,(0xA8D15D45) Retail,Fri Oct 01 00:40:32 2004,F87C933EC844F57AE9A9CEBEC7C31410
0x4D530064,1297285220,MS-100,Halo 2,Microsoft Game Studios,(7) PAL + Japan + USA / Canada,(0) RP - ALL,0x0000000A,(0x00000202) MEDIA_BOARD? + XBOX DVD,(0x80000005) Unused high bit (8)? + 64MB RAM limit + Mount Utility Drive,(0xA8D15D45) Retail,Fri Oct 01 03:40:10 2004,5C9DF558F55D1E4B351911AE060B9A74
0x45430004,1162018820,EC-004,Heroes of the Pacific,Encore inc,(4) PAL,(0) RP - ALL,0x00000002,(0x00000202) MEDIA_BOARD? + XBOX DVD,(0x00000001) Mount Utility Drive,(0xA8E0CBEF) Retail,Wed Aug 03 19:45:42 2005,03D3B85CAB03C23D40CCC044B3D0CD7C
0x534300FA,1396900090,SC-250,Hitman Blood Money,SCi Games,(7) PAL + Japan + USA / Canada,(2) M - Mature,0x00000001,(0x00000202) MEDIA_BOARD? + XBOX DVD,(0x00000007) 64MB RAM limit + Format Utility Drive + Mount Utility Drive,(0xA8D683D1) Retail,Tue Mar 21 21:43:46 2006,DACF63C93740A5B21A62E2C4B1EA69DF
0x45530009,1163067401,ES-009,Hitman2: Silent Assassin,Eidos Interactive,(4) PAL,(0) RP - ALL,0x0000000E,(0x00000002) XBOX DVD,(0x00000005) 64MB RAM limit + Mount Utility Drive,(0xA8FD31AA) Retail,Fri Nov 22 00:05:10 2002,F18F50EE7B832488B51E972959C8422F
0x54510089,1414594697,TQ-137,Hot Wheels Stunt Track Challenge,THQ,(3) Japan + USA / Canada,(4) E - Everyone,0x00000003,(0x00000202) MEDIA_BOARD? + XBOX DVD,(0x00000005) 64MB RAM limit + Mount Utility Drive,(0xA8DFCF07) Retail,Mon Sep 27 21:56:31 2004,FBA39421AE10260C85F4D1281F12F96A
0x42530011,1112735761,BS-017,IHRA Sportsman,Bethesda Softworks,(1) USA / Canada,(4) E - Everyone,0x00000001,(0x00000202) MEDIA_BOARD? + XBOX DVD,(0x00000005) 64MB RAM limit + Mount Utility Drive,(0xA8E65C14) Retail,Sat Aug 13 06:03:12 2005,E0001EC7F297A566EC9AA2C7E64FCDBA
0x4C410007,1279328263,LA-007,Indiana Jones,LucasArts,(4) PAL,(0) RP - ALL,0x00000002,(0x00000002) XBOX DVD,(0x00000001) Mount Utility Drive,(0xA8BBB4CE) Retail,Wed Feb 26 02:00:29 2003,38B6043A21D7A9EF40726403804BD127
0x454D001E,1162674206,EM-030,Jacked,Empire Interactive,(4) PAL,(0) RP - ALL,0x00000001,(0x00000202) MEDIA_BOARD? + XBOX DVD,(0x00000007) 64MB RAM limit + Format Utility Drive + Mount Utility Drive,(0xA8E43728) Retail,Mon Oct 03 19:42:31 2005,AA7E6F13AAA456F803C7C3EAC6CFE828
0x4C41000B,1279328267,LA-011,Jedi Knight: Jedi Academy,LucasArts,(1) USA / Canada,(3) T - Teen,0x00000001,(0x00000002) XBOX DVD,(0x00000005) 64MB RAM limit + Mount Utility Drive,(0xA8F070CE) Retail,Fri Oct 24 07:33:34 2003,220067CCBD93C2B119F7521C2CA348E9
0x49470018,1229389848,IG-024,Jet Set Radio Future,Infogrames,(4) PAL,(0) RP - ALL,0x00000001,(0x00000002) XBOX DVD,(0x00000005) 64MB RAM limit + Mount Utility Drive,(0xA8E8DD73) Retail,Tue Feb 19 01:59:21 2002,96F6CDAE4A5F53B0B29598AD3C83938E
0x545100EF,1414594799,TQ-239,Juiced,THQ,(7) PAL + Japan + USA / Canada,(3) T - Teen,0x00000001,(0x00000202) MEDIA_BOARD? + XBOX DVD,(0x00000005) 64MB RAM limit + Mount Utility Drive,(0xA8E6A6E1) Retail,Thu Mar 31 23:26:05 2005,3F4399A5947E98B9681DDF4F08241A56
0x56550021,1448411169,VU-033,Jurassic Park: Operation Genesis,Vivendi Universal Games,(3) Japan + USA / Canada,(3) T - Teen,0x00000002,(0x00000002) XBOX DVD,(0x00000007) 64MB RAM limit + Format Utility Drive + Mount Utility Drive,(0xA8FD7A4F) Retail,Tue Feb 04 07:38:22 2003,DC92F9F76F7BCC7BE661A8813B7F0400
0x534300FB,1396900091,SC-251,Just Cause,SCi Games,(7) PAL + Japan + USA / Canada,(2) M - Mature,0x00000001,(0x00000202) MEDIA_BOARD? + XBOX DVD,(0x00000005) 64MB RAM limit + Mount Utility Drive,(0xA8FD6B7D) Retail,Tue Aug 01 21:48:04 2006,F6D32D9768AF8B91F28FF2745E03AA57
0x4D53000C,1297285132,MS-012,Kakuto Chojin,Microsoft Game Studios,(2) Japan,(0) RP - ALL,0x00000001,(0x00000002) XBOX DVD,(0x00000005) 64MB RAM limit + Mount Utility Drive,(0xA8F39F66) Retail,Wed Dec 04 13:06:08 2002,2AA21F8C693BD00B237B3C226FDF73A7
0x41560002,1096155138,AV-002,Kelly Slater's Pro Surfer,Activision,(4) PAL,(0) RP - ALL,0x00000003,(0x00000002) XBOX DVD,(0x00000001) Mount Utility Drive,(0xA8E6BD72) Retail,Thu Sep 12 18:37:26 2002,AFA7BECD84B56F174235BAE60E2BA864
0x584B000A,1481310218,XK-010,Kiosk OZ/NZ XMAS,Xbox kiosk disk,(4) PAL,(0) RP - ALL,0x00000005,(0x00000202) MEDIA_BOARD? + XBOX DVD,(0x00000010) ,(0xA8FD0786) Retail,Mon Jun 28 21:10:16 2004,ABF68E1A7CE19F4FF526788B734A5539
0x4D530031,1297285169,MS-049,Kung Fu Chaos,Microsoft Game Studios,(2) Japan,(0) RP - ALL,0x00000004,(0x00000002) XBOX DVD,(0x00000005) 64MB RAM limit + Mount Utility Drive,(0xA8E1DB1B) Retail,Thu Mar 13 12:07:32 2003,973C8736EFFDDB47D38AF7C5B4ABC0E2
0x45530001,1163067393,ES-001,Mad Dash Racing,Eidos Interactive,(1) USA / Canada,(3) T - Teen,0x00000001,(0x00000002) XBOX DVD,(0x00000005) 64MB RAM limit + Mount Utility Drive,(0xA8F6890D) Retail,Thu Nov 01 15:37:40 2001,FF614676DC907DBD60E2CAA24FF3CBA9
0x4541023B,1161888315,EA-571,Madden NFL 09,Electronic Arts (EA),(3) Japan + USA / Canada,(4) E - Everyone,0x00000001,(0x00000202) MEDIA_BOARD? + XBOX DVD,(0x00000004) 64MB RAM limit,(0xA8C831C7) Retail,Mon Jun 23 18:30:43 2008,95B0EB7B189A2B3583658EFFEE406087
0x4947000E,1229389838,IG-014,Magic: The Gathering - Battlegrounds,Infogrames,(7) PAL + Japan + USA / Canada,(3) T - Teen,0x00000001,(0x00000002) XBOX DVD,(0x00000005) 64MB RAM limit + Mount Utility Drive,(0xA8DE264C) Retail,Thu Oct 30 07:51:40 2003,55DE7FB25716D7F4A679FA1834FE9E70
0x54540019,1414791193,TT-025,Manhunt,Take-Two Interactive Software,(1) USA / Canada,(2) M - Mature,0x00000003,(0x00000202) MEDIA_BOARD? + XBOX DVD,(0x00000005) 64MB RAM limit + Mount Utility Drive,(0xA8E3B363) Retail,Wed Mar 31 07:55:37 2004,CEE2271A50242C660D0DED4B00E19EFF
0x4156005C,1096155228,AV-092,Marvel: Ultimate Alliance,Activision,(7) PAL + Japan + USA / Canada,(3) T - Teen,0x00000001,(0x00000202) MEDIA_BOARD? + XBOX DVD,(0x00000005) 64MB RAM limit + Mount Utility Drive,(0xA8D4877A) Retail,Wed Aug 16 05:30:03 2006,315CBD8C7603FF32F80D6AFDBFA0D9D4
0x4D530017,1297285143,MS-023,MechAssault,Microsoft Game Studios,(5) PAL + USA / Canada,(3) T - Teen,0x00000001,(0x00000002) XBOX DVD,(0x00000005) 64MB RAM limit + Mount Utility Drive,(0xA8FD3A12) Retail,Fri Oct 18 07:21:40 2002,4BCD71FBDFD60C59A0F13DD1C842D327
0x43430011,1128464401,CC-017,Megaman Anniversary Collection,Capcom,(1) USA / Canada,(4) E - Everyone,0x00000001,(0x00000202) MEDIA_BOARD? + XBOX DVD,(0x80000005) Unused high bit (8)? + 64MB RAM limit + Mount Utility Drive,(0xA8A0C159) Retail,Thu Feb 17 06:58:47 2005,4C6E6B5C26444929FCB5395E445D4CED
0x54540008,1414791176,TT-008,Midnight Club 2,Take-Two Interactive Software,(1) USA / Canada,(3) T - Teen,0x00000003,(0x00000002) XBOX DVD,(0x00000005) 64MB RAM limit + Mount Utility Drive,(0xA8FD440F) Retail,Fri May 23 13:38:18 2003,4D61AF6D234856A48F19CCBA306D6D5B
0x4D53002A,1297285162,MS-042,Midtown Madness 3,Microsoft Game Studios,(1) USA / Canada,(4) E - Everyone,0x00000004,(0x00000002) XBOX DVD,(0x00000005) 64MB RAM limit + Mount Utility Drive,(0xA8F46BFE) Retail,Wed May 14 06:09:42 2003,E4A13E3946F266272A766F2B672BE6BE
0x4D57002D,1297547309,MW-045,Midway Arcade Treasures 3,Midway Games,(5) PAL + USA / Canada,(4) E - Everyone,0x00000001,(0x00000202) MEDIA_BOARD? + XBOX DVD,(0x00000005) 64MB RAM limit + Mount Utility Drive,(0xA8FDABDC) Retail,Mon Sep 05 18:30:04 2005,09235A714C2469DBD6C3738564AA6681
0x42530001,1112735745,BS-001,Morrowind,Bethesda Softworks,(1) USA / Canada,(3) T - Teen,0x00000001,(0x00000002) XBOX DVD,(0x80000001) Unused high bit (8)? + Mount Utility Drive,(0xA8FDFA44) Retail,Fri May 31 05:21:30 2002,48F2EA5B92E846B548CFB98FABFDD74A
0x55530015,1431502869,US-021,Morrowind,Ubisoft,(4) PAL,(0) RP - ALL,0x00000002,(0x00000002) XBOX DVD,(0x80000001) Unused high bit (8)? + Mount Utility Drive,(0xA8FDE10B) Retail,Fri Oct 25 19:06:57 2002,118AD1CF0E3CEBBEFBBAA313D68A6825
0x42530005,1112735749,BS-005,Morrowind Game of the Year,Bethesda Softworks,(1) USA / Canada,(3) T - Teen,0x00000103,(0x00000002) XBOX DVD,(0x00000001) Mount Utility Drive,(0xA8FDEF46) Retail,Tue Oct 21 09:23:29 2003,17BD6AD53E4F1F91FEB6E2A80D3E0772
0x42530005,1112735749,BS-005,Morrowind Game of the Year,Bethesda Softworks,(4) PAL,(0) RP - ALL,0x00000005,(0x00000202) MEDIA_BOARD? + XBOX DVD,(0x00000001) Mount Utility Drive,(0xA8FDEE34) Retail,Mon May 31 18:14:07 2004,ECE8AAC7818E0C454FBE3C75A3B0C33B
0x54510008,1414594568,TQ-008,MotoGP,THQ,(1) USA / Canada,(4) E - Everyone,0x00000001,(0x00000002) XBOX DVD,(0x00000005) 64MB RAM limit + Mount Utility Drive,(0xA8FDE812) Retail,Wed Apr 24 07:45:36 2002,9DB641BF896FC4F04E5E59E73D628D07
0x54540015,1414791189,TT-021,Motocross Mania 3,Take-Two Interactive Software,(5) PAL + USA / Canada,(3) T - Teen,0x00000001,(0x00000202) MEDIA_BOARD? + XBOX DVD,(0x00000005) 64MB RAM limit + Mount Utility Drive,(0xA8F65DA6) Retail,Tue Feb 08 22:26:46 2005,D49556035984A9CFD4BAE6C57F42DC28
0x56430001,1447231489,VC-001,Muzzle Flash,Victor Interactive Software,(2) Japan,(0) RP - ALL,0x00000001,(0x00000002) XBOX DVD,(0x00000005) 64MB RAM limit + Mount Utility Drive,(0xA8F145BC) Retail,Wed Feb 05 08:01:56 2003,D83C4169537F1272947815EB58D5F1A1
0x45410028,1161887784,EA-040,NFS Hot Pursuit 2,Electronic Arts (EA),(1) USA / Canada,(4) E - Everyone,0x00000002,(0x00000002) XBOX DVD,(0x00000007) 64MB RAM limit + Format Utility Drive + Mount Utility Drive,(0xA8F12A9F) Retail,Thu Aug 29 06:06:55 2002,5A61D2A58A9520757282A6F41569C5E3
0x54430003,1413677059,TC-003,NINJA GAIDEN,Tecmo,(4) PAL,(0) RP - ALL,0x00011005,(0x00000202) MEDIA_BOARD? + XBOX DVD,(0x00000005) 64MB RAM limit + Mount Utility Drive,(0xA8CCFAD1) Retail,Wed Apr 07 02:08:52 2004,ED996824597613648889965E05A56E0D
0x53450088,1397031048,SE-136,OutRun 2006: Coast 2 Coast,SEGA,(7) PAL + Japan + USA / Canada,(4) E - Everyone,0x00000001,(0x00000202) MEDIA_BOARD? + XBOX DVD,(0x00000005) 64MB RAM limit + Mount Utility Drive,(0xA8F80375) Retail,Fri Mar 03 22:35:29 2006,E97913B618884F5B26A73A005E72320E
0x4D53004A,1297285194,MS-074,PSO,Microsoft Game Studios,(1) USA / Canada,(3) T - Teen,0x00000004,(0x00000002) XBOX DVD,(0x00000001) Mount Utility Drive,(0xA8CD4805) Retail,Tue Mar 18 08:12:32 2003,A2100C6D5645AE62F621F5E273FCCCBB
0x44430003,1145241603,DC-003,Painkiller,DreamCatcher Interactive,(1) USA / Canada,(2) M - Mature,0x00000004,(0x00000202) MEDIA_BOARD? + XBOX DVD,(0x00000007) 64MB RAM limit + Format Utility Drive + Mount Utility Drive,(0xA8FF9746) Retail,Fri Jun 30 05:00:03 2006,C1594A5528CDF2A16424BE571249F95F
0x41560018,1096155160,AV-024,Pitfall: The Lost Expedition,Activision,(1) USA / Canada,(4) E - Everyone,0x00000001,(0x00000202) MEDIA_BOARD? + XBOX DVD,(0x00000005) 64MB RAM limit + Mount Utility Drive,(0xA8EA6990) Retail,Thu Dec 11 08:23:33 2003,469A81727DB8159755617ABD7D41735D
0x41480002,1095237634,AH-002,Playboy the Mansion,ARUSH Entertainment,(1) USA / Canada,(2) M - Mature,0x00000003,(0x00000202) MEDIA_BOARD? + XBOX DVD,(0x80000007) Unused high bit (8)? + 64MB RAM limit + Format Utility Drive + Mount Utility Drive,(0xA8ECCA88) Retail,Fri Jan 07 07:52:42 2005,6DA8CB166895110EF39AE50C69614EA1
0x5553003B,1431502907,US-059,Prince of Persia WW,Ubisoft,(7) PAL + Japan + USA / Canada,(2) M - Mature,0x00000001,(0x00000202) MEDIA_BOARD? + XBOX DVD,(0x00000005) 64MB RAM limit + Mount Utility Drive,(0xA8C130E7) Retail,Thu Nov 11 22:26:21 2004,32190BF112D1C51FDB093EEB85FB2CCF
0x41540003,1096024067,AT-003,ProFishingChallenge,Atlus,(1) USA / Canada,(4) E - Everyone,0x00000001,(0x00000202) MEDIA_BOARD? + XBOX DVD,(0x00000005) 64MB RAM limit + Mount Utility Drive,(0xA8FFDEB4) Retail,Thu Aug 12 05:43:04 2004,90657E9E320EC9176637D7B59A2282BB
0x4D530003,1297285123,MS-003,Project Gotham Racing,Microsoft Game Studios,(4) PAL,(0) RP - ALL,0x00000005,(0x00000002) XBOX DVD,(0x00000005) 64MB RAM limit + Mount Utility Drive,(0xA8F10E34) Retail,Sat Feb 23 00:16:44 2002,FA70B435CE1104AE5E272D189FA11B96
0x4D53004B,1297285195,MS-075,Project Gotham Racing 2,Microsoft Game Studios,(4) PAL,(0) RP - ALL,0x00000002,(0x00000002) XBOX DVD,(0x80000004) Unused high bit (8)? + 64MB RAM limit,(0xA8E5739C) Retail,Thu Oct 16 10:05:59 2003,170B9966DD56A74607C488292E955EB0
0x4D4A0012,1296695314,MJ-018,Psychonauts,Majesco Entertainment,(1) USA / Canada,(3) T - Teen,0x00000001,(0x00000202) MEDIA_BOARD? + XBOX DVD,(0x00000005) 64MB RAM limit + Mount Utility Drive,(0xA8E2FC7A) Retail,Thu Mar 31 05:12:13 2005,41855BB2700B5A56C3D89F5CFF7877DF
0x4A410001,1245773825,JA-001,Pulse Racer,Jaleco,(1) USA / Canada,(4) E - Everyone,0x001F4201,(0x00000002) XBOX DVD,(0x80000005) Unused high bit (8)? + 64MB RAM limit + Mount Utility Drive,(0xA8F24F00) Retail,Tue Oct 22 07:03:34 2002,F2C83F9A6960FDAA46CD6D9EE8B717B0
0x54540011,1414791185,TT-017,Pure Pinball,Take-Two Interactive Software,(1) USA / Canada,(4) E - Everyone,0x00000001,(0x00000202) MEDIA_BOARD? + XBOX DVD,(0x00000007) 64MB RAM limit + Format Utility Drive + Mount Utility Drive,(0xA8F4CD67) Retail,Thu Jul 08 05:48:48 2004,48A6A4462DB63A7F595AAEDB07891834
0x4D530015,1297285141,MS-021,Quantum Redshift,Microsoft Game Studios,(1) USA / Canada,(3) T - Teen,0x00000004,(0x00000002) XBOX DVD,(0x00000005) 64MB RAM limit + Mount Utility Drive,(0xA8F2A6A9) Retail,Wed Aug 28 05:52:40 2002,6296BFA70F0B1582D2BA549EA8F8614A
0x4B420007,1262616583,KB-007,RPM Tuning,Kemco,(1) USA / Canada,(3) T - Teen,0x00000003,(0x00000202) MEDIA_BOARD? + XBOX DVD,(0x00000005) 64MB RAM limit + Mount Utility Drive,(0xA8EFAC74) Retail,Wed Feb 02 07:51:22 2005,E6C55648CE1D661CBD0E3FCC4D908A92
0x434D0011,1129119761,CM-017,Race Driver 2,Codemasters,(1) USA / Canada,(3) T - Teen,0x00000002,(0x00000202) MEDIA_BOARD? + XBOX DVD,(0x00000005) 64MB RAM limit + Mount Utility Drive,(0xA8E7E5B7) Retail,Fri Feb 27 07:56:34 2004,02ADCDC3BB9D918D5F0762D99B72D568
0x434D0011,1129119761,CM-017,Race Driver 2,Codemasters,(4) PAL,(0) RP - ALL,0x00000005,(0x00000202) MEDIA_BOARD? + XBOX DVD,(0x00000005) 64MB RAM limit + Mount Utility Drive,(0xA8E7E5B7) Retail,Fri Feb 27 01:12:42 2004,0801ECDF32C01811CEFA714BF0768078
0x434D0050,1129119824,CM-080,Race Driver 3,Codemasters,(4) PAL,(0) RP - ALL,0x00000004,(0x00000202) MEDIA_BOARD? + XBOX DVD,(0x00000005) 64MB RAM limit + Mount Utility Drive,(0xA8DCC1EF) Retail,Mon Jan 16 22:04:57 2006,672F369BBD989D76D90A7D72F0B1555E
0x55530013,1431502867,US-019,RainbowSix 3,Ubisoft,(7) PAL + Japan + USA / Canada,(2) M - Mature,0x00000001,(0x00000002) XBOX DVD,(0x80000001) Unused high bit (8)? + Mount Utility Drive,(0xA8F5A7CC) Retail,Fri Oct 10 06:23:36 2003,F50C1AD9A899C2F497D28BDB2CE7A2D2
0x54510109,1414594825,TQ-265,Ratatouille,THQ,(1) USA / Canada,(4) E - Everyone,0x00000001,(0x00000202) MEDIA_BOARD? + XBOX DVD,(0x00000004) 64MB RAM limit,(0xA8EAFEBC) Retail,Fri Mar 16 20:57:32 2007,720EA7F0A16B727CD98D717C6B87081A
0x56550026,1448411174,VU-038,Riddick,Vivendi Universal Games,(3) Japan + USA / Canada,(2) M - Mature,0x00000001,(0x00000202) MEDIA_BOARD? + XBOX DVD,(0x00000005) 64MB RAM limit + Mount Utility Drive,(0xA8BDAC21) Retail,Fri Apr 23 05:48:45 2004,B17E11CB89B52DB0D76018CE0D33C03B
0x4D570018,1297547288,MW-024,RoadKill,Midway Games,(1) USA / Canada,(2) M - Mature,0x00000001,(0x00000002) XBOX DVD,(0x00000005) 64MB RAM limit + Mount Utility Drive,(0xA8EBE6ED) Retail,Tue Sep 09 05:55:45 2003,717C931E6ECE419FF48BF29FBE0B948F
0x544D0002,1414332418,TM-002,Robotech: Battlecry,TDK Mediactive,(1) USA / Canada,(3) T - Teen,0x00000001,(0x00000002) XBOX DVD,(0x00000005) 64MB RAM limit + Mount Utility Drive,(0xA8FD6634) Retail,Sat Aug 17 06:00:37 2002,D947AFA881E084EE5F7C8255B754A2F1
0x4A410006,1245773830,JA-006,Room Zoom - Race for Impact,Jaleco,(1) USA / Canada,(4) E - Everyone,0x00000001,(0x00000202) MEDIA_BOARD? + XBOX DVD,(0x00000001) Mount Utility Drive,(0xA8F02092) Retail,Wed May 19 05:50:29 2004,075D30EA8857EB7A62D449CE814CF145
0x4541003C,1161887804,EA-060,SSX 3,Electronic Arts (EA),(1) USA / Canada,(4) E - Everyone,0x00000001,(0x00000002) XBOX DVD,(0x00000005) 64MB RAM limit + Mount Utility Drive,(0xA8E44D89) Retail,Sat Sep 27 06:13:09 2003,CC1DA3C044EE1160029E8596ED1B5233
0x534E0004,1397620740,SN-004,Samurai ShoDown V,SNK,(7) PAL + Japan + USA / Canada,(3) T - Teen,0x00000003,(0x00000202) MEDIA_BOARD? + XBOX DVD,(0x00000005) 64MB RAM limit + Mount Utility Drive,(0xA8DC0EDD) Retail,Thu Dec 29 08:16:36 2005,6501C81C71B4EBF09043A051483587F1
0x454C0001,1162608641,EL-001,Scrapland,Enlight Software,(7) PAL + Japan + USA / Canada,(3) T - Teen,0x00000001,(0x00000202) MEDIA_BOARD? + XBOX DVD,(0x00000000) No flags set,(0xA8E420DE) Retail,Fri Nov 12 07:57:48 2004,A40640B3A23CE730B59293F90AC41838
0x56550017,1448411159,VU-023,Seablade,Vivendi Universal Games,(1) USA / Canada,(3) T - Teen,0x00000002,(0x00000002) XBOX DVD,(0x00000005) 64MB RAM limit + Mount Utility Drive,(0xA8FBA018) Retail,Fri Oct 18 07:21:39 2002,A29EA18941B86413105EF84A1D23B96D
0x54540004,1414791172,TT-004,Serious Sam,Take-Two Interactive Software,(1) USA / Canada,(2) M - Mature,0x00000001,(0x00000002) XBOX DVD,(0x00000005) 64MB RAM limit + Mount Utility Drive,(0xA8FF80FE) Retail,Wed Oct 09 07:00:55 2002,1D250F8D41736180C5979223D4D332B6
0x41560050,1096155216,AV-080,Shamu's Deep Sea Adventures,Activision,(7) PAL + Japan + USA / Canada,(4) E - Everyone,0x00000001,(0x00000202) MEDIA_BOARD? + XBOX DVD,(0x00000005) 64MB RAM limit + Mount Utility Drive,(0xA8FD45A1) Retail,Thu Oct 06 05:04:05 2005,AC694DD5379752D2716AF8F1B644805D
0x54540083,1414791299,TT-131,Shattered Union,Take-Two Interactive Software,(1) USA / Canada,(3) T - Teen,0x00000001,(0x00000202) MEDIA_BOARD? + XBOX DVD,(0x00000005) 64MB RAM limit + Mount Utility Drive,(0xA8EFA5A2) Retail,Tue Sep 20 06:37:59 2005,D6D1C88CB5BEB3F79D418174DCBEA7AC
0x4E4D0001,1313669121,NM-001,Smashing Drive,Namco,(1) USA / Canada,(3) T - Teen,0x00000002,(0x00000002) XBOX DVD,(0x00000005) 64MB RAM limit + Mount Utility Drive,(0xA8F57B1E) Retail,Sat Apr 20 10:20:29 2002,662D139BDC14CF5995BB10BA7CFB165C
0x4D530023,1297285155,MS-035,Sneakers,Microsoft Game Studios,(1) USA / Canada,(4) E - Everyone,0x00000002,(0x00000002) XBOX DVD,(0x00000005) 64MB RAM limit + Mount Utility Drive,(0xA8F51232) Retail,Sat Jul 27 05:38:49 2002,14D108BDD21368A38CDF8E4DC7F6063D
0x54510023,1414594595,TQ-035,Sphinx,THQ,(3) Japan + USA / Canada,(3) T - Teen,0x00000001,(0x00000002) XBOX DVD,(0x00000005) 64MB RAM limit + Mount Utility Drive,(0xA8E07715) Retail,Fri Oct 10 05:30:18 2003,9307398210E34AD52153B58529959D25
0x4947001B,1229389851,IG-027,Splashdown,Infogrames,(1) USA / Canada,(4) E - Everyone,0x00000001,(0x00000002) XBOX DVD,(0x00000005) 64MB RAM limit + Mount Utility Drive,(0xA8EFFFA0) Retail,Fri May 31 05:24:08 2002,38F188B85D3A24427F6D1E16BC781116
0x55530019,1431502873,US-025,Splinter Cell 2,Ubisoft,(7) PAL + Japan + USA / Canada,(3) T - Teen,0x00000002,(0x00000202) MEDIA_BOARD? + XBOX DVD,(0x00000004) 64MB RAM limit,(0xA8E2C711) Retail,Fri Feb 27 21:26:36 2004,A2B7A02127D199717610991F44D16531
0x4E4D0013,1313669139,NM-019,Street Racing Syndicate,Namco,(1) USA / Canada,(3) T - Teen,0x00000001,(0x00000202) MEDIA_BOARD? + XBOX DVD,(0x00000004) 64MB RAM limit,(0xA8DF197D) Retail,Thu Aug 05 03:14:18 2004,7DC49476BC24514DB7A18C67F66B6116
0x4D53000A,1297285130,MS-010,Sudeki,Microsoft Game Studios,(7) PAL + Japan + USA / Canada,(2) M - Mature,0x00000001,(0x00000202) MEDIA_BOARD? + XBOX DVD,(0x00000005) 64MB RAM limit + Mount Utility Drive,(0xA8DA90A8) Retail,Fri Jul 02 05:52:45 2004,227B190DBD1F517B237591EF88217CDF
0x5451001C,1414594588,TQ-028,Tetris Worlds Live,THQ,(4) PAL,(0) RP - ALL,0x00000021,(0x00000002) XBOX DVD,(0x00000001) Mount Utility Drive,(0xA8F40B85) Retail,Thu Sep 04 02:51:23 2003,D968B33A275852DC9B7DC1E89908423C
0x54510018,1414594584,TQ-024,The Punisher,THQ,(3) Japan + USA / Canada,(2) M - Mature,0x00000001,(0x00000202) MEDIA_BOARD? + XBOX DVD,(0x80000005) Unused high bit (8)? + 64MB RAM limit + Mount Utility Drive,(0xA8E0F8CF) Retail,Sat Dec 11 07:28:39 2004,FC15D120ED3456BCA528C97FC5861746
0x56550015,1448411157,VU-021,The Simpsons Hit & Run,Vivendi Universal Games,(3) Japan + USA / Canada,(3) T - Teen,0x00000001,(0x00000002) XBOX DVD,(0x00000001) Mount Utility Drive,(0xA8EE1E22) Retail,Wed Jul 30 04:58:42 2003,2E041D73315D2286FA2377A0303CC813
0x45410013,1161887763,EA-019,The Simpsons Road Rage,Electronic Arts (EA),(1) USA / Canada,(3) T - Teen,0x00000001,(0x00000002) XBOX DVD,(0x00000001) Mount Utility Drive,(0xA8F5D4C4) Retail,Fri Nov 02 11:03:05 2001,A0F6DDDBEA7FEF5154DC844D4674E4B8
0x4541002F,1161887791,EA-047,The Sims",Electronic Arts (EA),(1) USA / Canada,(3) T - Teen,0x00000004,(0x00000002) XBOX DVD,(0x00000005) 64MB RAM limit + Mount Utility Drive,(0xA8F02CB5) Retail,Fri Mar 14 08:55:15 2003,D366F29127FB771107A64A9E581FB94A
0x4553000A,1163067402,ES-010,TimeSplitters 2,Eidos Interactive,(1) USA / Canada,(3) T - Teen,0x00000002,(0x00000002) XBOX DVD,(0x00000005) 64MB RAM limit + Mount Utility Drive,(0xA8E0B832) Retail,Wed Oct 09 11:51:14 2002,FE04E4E1AC98AD0C304F8A23ABB4ACAD
0x5345000F,1397030927,SE-015,ToeJam & Earl III,SEGA,(4) PAL,(0) RP - ALL,0x00001104,(0x00000002) XBOX DVD,(0x00000000) No flags set,(0xA8FD6C66) Retail,Tue Dec 10 07:46:30 2002,59444859D5C47E491913F40474C0846B
0x4D4A0002,1296695298,MJ-002,Totaled,Majesco Entertainment,(1) USA / Canada,(3) T - Teen,0x00000002,(0x00000002) XBOX DVD,(0x00000005) 64MB RAM limit + Mount Utility Drive,(0xA8FB3B6F) Retail,Thu Jul 25 06:10:12 2002,CCF45CDBC10160DA8BCFFE31070D24D7
0x41540001,1096024065,AT-001,Touge R (JPN),Atlus,(7) PAL + Japan + USA / Canada,(0) RP - ALL,0x00000001,(0x400001FF) Unlock HDD + USB Dongle? + DVD_9_RW + DVD_5_RW + DVD_9_RO + DVD_5_RO + CD + Any CD / DVD + XBOX DVD + HDD,(0x00000005) 64MB RAM limit + Mount Utility Drive,(0xA8F094C1) Retail,Thu Oct 03 11:49:38 2002,61612633078681B4F34B316F32F33995
0x54510007,1414594567,TQ-007,Toxic Grind,THQ,(1) USA / Canada,(3) T - Teen,0x00000001,(0x00000002) XBOX DVD,(0x00000005) 64MB RAM limit + Mount Utility Drive,(0xA8F2CEA1) Retail,Wed Sep 18 05:49:41 2002,353BE97DB6942D6EC8352CF9614AA493
0x49470004,1229389828,IG-004,TransWorld Snowboarding,Infogrames,(1) USA / Canada,(3) T - Teen,0x00000003,(0x00000002) XBOX DVD,(0x00000005) 64MB RAM limit + Mount Utility Drive,(0xA8FD6DF8) Retail,Tue Oct 01 07:48:38 2002,27A1D4A0332F2A2104ED995367FD702B
0x4947003D,1229389885,IG-061,Trivial Pursuit: Unhinged,Infogrames,(1) USA / Canada,(3) T - Teen,0x00000001,(0x00000202) MEDIA_BOARD? + XBOX DVD,(0x80000005) Unused high bit (8)? + 64MB RAM limit + Mount Utility Drive,(0xA8FACD17) Retail,Sat Mar 06 07:41:27 2004,0DC24BDD3B08DBCEBB448F6820F66563
0x49470024,1229389860,IG-036,Unreal Championship,Infogrames,(5) PAL + USA / Canada,(2) M - Mature,0x00000505,(0x00000002) XBOX DVD,(0x00000005) 64MB RAM limit + Mount Utility Drive,(0xA8DD9690) Retail,Fri Nov 08 07:52:59 2002,FBED1C0829691B9151EB429573F3A801
0x4947003C,1229389884,IG-060,Unreal II,Infogrames,(3) Japan + USA / Canada,(2) M - Mature,0x00000001,(0x00000202) MEDIA_BOARD? + XBOX DVD,(0x00000005) 64MB RAM limit + Mount Utility Drive,(0xA8FFEF95) Retail,Wed Jan 21 07:49:32 2004,D3DCB17F795E44CC8B782F966DEFD5F3
0x49470034,1229389876,IG-052,V-Rally 3,Infogrames,(4) PAL,(0) RP - ALL,0x00000004,(0x00000002) XBOX DVD,(0x00000005) 64MB RAM limit + Mount Utility Drive,(0xA8F68D7E) Retail,Tue Mar 04 21:10:23 2003,52B83CE8BBF838159C421B92F7B5677B
0x434D000E,1129119758,CM-014,V8 Super Cars Race Driver,Codemasters,(4) PAL,(0) RP - ALL,0x00000005,(0x00000002) XBOX DVD,(0x00000005) 64MB RAM limit + Mount Utility Drive,(0xA8E38C88) Retail,Wed Sep 17 18:40:20 2003,C4851D3BA7179A8E012A458C568A5911
0x4756000A,1196818442,GV-010,Warpath,Groove Games,(7) PAL + Japan + USA / Canada,(3) T - Teen,0x00000002,(0x00000202) MEDIA_BOARD? + XBOX DVD,(0x00000005) 64MB RAM limit + Mount Utility Drive,(0xA8DC4A4B) Retail,Fri Dec 30 06:09:06 2005,B73B1AE617B93D22AD2D18623288256C
0x45530011,1163067409,ES-017,Whiplash,Eidos Interactive,(1) USA / Canada,(3) T - Teen,0x00000001,(0x00000002) XBOX DVD,(0x00000005) 64MB RAM limit + Mount Utility Drive,(0xA8EF78B8) Retail,Tue Oct 28 07:58:20 2003,D0C5314A77F827C7B55B371C752A8D68
0x544D0012,1414332434,TM-018,World Racing 2,TDK Mediactive,(7) PAL + Japan + USA / Canada,(4) E - Everyone,0x00000001,(0x00000202) MEDIA_BOARD? + XBOX DVD,(0x00000005) 64MB RAM limit + Mount Utility Drive,(0xA8FF4893) Retail,Mon Aug 15 21:42:41 2005,419DB8087C0D870AFB2DC635299E2586
0x4D53005A,1297285210,MS-090,Xbox Music Mixer,Microsoft Game Studios,(4) PAL,(0) RP - ALL,0x00000102,(0x80000002) NONSECURE_MODE? + XBOX DVD,(0x00000007) 64MB RAM limit + Format Utility Drive + Mount Utility Drive,(0xA8F1581D) Retail,Fri Sep 12 09:30:18 2003,952D7DCA5A914ED6BD6B03881BA9C8EA
0x4B420006,1262616582,KB-006,Yager,Kemco,(1) USA / Canada,(3) T - Teen,0x00000001,(0x00000202) MEDIA_BOARD? + XBOX DVD,(0x00000005) 64MB RAM limit + Mount Utility Drive,(0xA8EE1A17) Retail,Fri Jul 16 06:16:57 2004,F15DC3FC804F50BD6564C28195EEBD8F
0x52440001,1380188161,RD-001,Yourself!Fitness,responDesign,(1) USA / Canada,(4) E - Everyone,0x00000302,(0x00000202) MEDIA_BOARD? + XBOX DVD,(0x80000004) Unused high bit (8)? + 64MB RAM limit,(0xA8ED73FC) Retail,Fri Dec 03 12:34:14 2004,FE7DA66D339ADCA17396955EFF928C0D
0x4B4E001E,1263403038,KN-030,Yu-Gi-Oh! The Dawn of Destiny,Konami,(1) USA / Canada,(4) E - Everyone,0x00000003,(0x00000202) MEDIA_BOARD? + XBOX DVD,(0x00000007) 64MB RAM limit + Format Utility Drive + Mount Utility Drive,(0xA8EE4BF5) Retail,Wed Feb 18 07:54:39 2004,29BA2D6212FDC5810896D69C81DF47B6
0x49470012,1229389842,IG-018,Zapper,Infogrames,(1) USA / Canada,(4) E - Everyone,0x00000003,(0x00000002) XBOX DVD,(0x00000001) Mount Utility Drive,(0xA8F35A5D) Retail,Fri Sep 20 07:13:45 2002,9881EDE9E7433A0A0040FA5EBEEC60BD
0x5454008C,1414791308,TT-140,Zathura,Take-Two Interactive Software,(1) USA / Canada,(3) T - Teen,0x00000101,(0x00000202) MEDIA_BOARD? + XBOX DVD,(0x00000005) 64MB RAM limit + Mount Utility Drive,(0xA8EC24F7) Retail,Sat Sep 17 06:40:14 2005,E4A66D22E4A7F25B782B6B0A851FE2B7
0x4343000E,1128464398,CC-014,auto modellista,Capcom,(7) PAL + Japan + USA / Canada,(4) E - Everyone,0x00000002,(0x00000202) MEDIA_BOARD? + XBOX DVD,(0x00000005) 64MB RAM limit + Mount Utility Drive,(0xA8EBF0FB) Retail,Thu Dec 04 08:34:01 2003,6D507F7C5775255F15BE51F8B87545CD
0x53450021,1397030945,SE-033,segaGTOnline,SEGA,(1) USA / Canada,(3) T - Teen,0x00000008,(0x00000202) MEDIA_BOARD? + XBOX DVD,(0x00000005) 64MB RAM limit + Mount Utility Drive,(0xA8E4CCB7) Retail,Thu Dec 11 09:05:36 2003,B3030A508C963ED329A49D3DE9639BAD
